epoch,training_loss,validation_loss
1,13.299309730529785,7.883006572723389
2,4.862915515899658,4.995813846588135
3,2.860793113708496,4.227818489074707
4,2.1222400665283203,3.7047348022460938
5,1.8629751205444336,3.5458638668060303
6,3.8941986560821533,17.959123611450195
7,15.584980964660645,14.168785095214844
8,13.094405174255371,7.789309501647949
9,5.65528678894043,5.705676078796387
10,7.906711101531982,14.98696231842041
