epoch,training_loss,validation_loss
1,4204.4560546875,331.46368408203125
2,439.5881042480469,94.41284942626953
3,212.08067321777344,68.89038848876953
4,482.1355285644531,61.07207107543945
5,78.70902252197266,63.704986572265625
6,59.95424270629883,51.328128814697266
7,47.73707962036133,54.15981674194336
8,63.53055953979492,44.19805145263672
9,178.74740600585938,43.86321258544922
10,392.16278076171875,41.911109924316406
