epoch,training_loss,validation_loss
1,10199.5673828125,131.36898803710938
2,223.99533081054688,109.39698028564453
3,96.7000503540039,101.23307037353516
4,304.7162170410156,117.18317413330078
5,88.78575134277344,2788.05517578125
6,298.7884521484375,102.03326416015625
7,68.5744400024414,106.79653930664062
8,56.687896728515625,105.73190307617188
9,173.1761932373047,93.1123046875
10,274.2785339355469,91.57061767578125
